feature,importance
Sex_Encoded,0.24943808
Title_Encoded,0.20013228
Pclass,0.080081634
Pclass_3,0.072819814
Has_Cabin,0.05745597
FamilySize,0.053720765
Embarked_Q,0.03819751
Age_Group_Encoded,0.02891584
IsAlone,0.025948578
Fare,0.02579709
SibSp,0.024338152
Embarked_S,0.02415536
Age,0.024026252
Fare_Group_Encoded,0.022181606
Parch,0.0206141
Pclass_1,0.018550258
Pclass_2,0.0176912
Embarked_C,0.015935538
