{
  "RF_Optimized": {
    "cv_mean": 0.8282828282828283,
    "cv_std": 0.012746603908016074,
    "cv_scores": [
      0.8379888268156425,
      0.8314606741573034,
      0.8033707865168539,
      0.8314606741573034,
      0.8370786516853933
    ],
    "improvement": -0.007817171717171667,
    "confusion_matrix": [
      [
        472,
        77
      ],
      [
        76,
        266
      ]
    ]
  },
  "XGBoost": {
    "cv_mean": 0.8529741863075196,
    "cv_std": 0.0198747595080529,
    "cv_scores": [
      0.8491620111731844,
      0.8876404494382022,
      0.8258426966292135,
      0.8539325842696629,
      0.848314606741573
    ],
    "improvement": 0.01687418630751969,
    "confusion_matrix": [
      [
        504,
        45
      ],
      [
        86,
        256
      ]
    ]
  },
  "best_model": "XGBoost",
  "best_score": 0.8529741863075196
}