{
  "round": 2,
  "timestamp": "2026-03-09 23:01:23",
  "results": {
    "train_accuracy": 0.8778089887640449,
    "val_accuracy": 0.8156424581005587,
    "cv_mean": 0.8226790534178645,
    "cv_std": 0.010270606085229143
  }
}